year,AM,num2_year,den2_year,coef2_year
2023,"Васильев Артем Александрович",2574699.48,16877955.50,0.152548
2023,"Иванова Мария Сергеевна",224025.00,404295.00,0.554113
2023,"Кузнецов Михаил Иванович",307428.16,614670.00,0.500152
2023,"Михайлов Андрей Сергеевич",128439.52,634462.64,0.202438
2023,"Попова Екатерина Николаевна",1149776.00,2021056.52,0.568898
2023,"Смирнова Ольга Владимировна",1728902.20,2860168.50,0.604476
2023,"Соколова Анастасия Викторовна",1516219.52,5261624.80,0.288166
